哲学,C
理论经济学,B
应用经济学,C
法学,B-
政治学,B+
社会学,C+
民族学,A+
马克思主义理论,B-
教育学,C
中国语言文学,B-
外国语言文学,C-
新闻传播学,C-
中国史,B
世界史,C+
数学,B
物理学,C+
化学,B
地理学,C-
生物学,B+
系统科学,C+
生态学,A-
统计学,B
信息与通信工程,C+
计算机科学与技术,B-
软件工程,B-
工商管理,B
公共管理,C+
图书情报与档案管理,B
艺术学理论,C-
美术学,C-
